{"pH": {"ref_voltage": -0.02554765465254677, "ref_pH": 7.0}, "temp": {"ref_resistance": 4300.0, "nominal_resistance": 1000.0}, "vol_pump": 0.5555555555555556}